ip,anonymityLevel,asn,country,isp,latency,org,port,protocols,responseTime,speed,updated_at,upTime,upTimeSuccessCount,upTimeTryCount
"200.70.19.93","elite","AS10834","AR","Telefonica de Argentina","292","Telefonica de Argentina","4153","socks4","5113","1","2023-05-25T22:07:59.463Z","98","1752","1790"
"103.23.237.71","elite","AS45433","IN","Kappa Pool 3","188","N/A","5678","socks4","4595","1","2023-05-25T22:07:59.469Z","97","1784","1846"
"65.21.131.87","elite","AS24940","FI","Hetzner Online GmbH","39","Hetzner","14141","socks4","5005","1","2023-05-25T22:07:58.068Z","100","1735","1737"
"120.24.52.179","elite","AS37963","CN","Hangzhou Alibaba Advertising Co","288","Aliyun Computing Co., LTD","3128","socks5","5102","1","2023-05-25T22:07:58.063Z","86","1556","1805"
"38.127.179.230","elite","AS174","US","Cogent Communications","81","Torlandia Trading SRL","46656","socks4","1997","1","2023-05-25T22:07:58.067Z","100","1792","1793"
"190.39.195.72","elite","AS8048","VE","CANTV Servicios, Venezuela","197","CANTV Servicios, Venezuela","6588","socks5","4388","1","2023-05-25T22:07:56.361Z","41","708","1744"
"24.147.144.221","elite","AS7922","US","Comcast Cable Communications","101","Comcast Cable Communications Holdings, Inc","15280","socks5","4295","1","2023-05-25T22:07:56.362Z","100","1778","1779"
"186.219.96.225","elite","AS262420","BR","Cabonnet Internet Ltda","236","Cabonnet Internet Ltda","52017","socks4","4294","1","2023-05-25T22:07:56.362Z","99","1758","1774"
"91.241.130.127","elite","AS43400","UA","TOV NEO-TELECOM","94","TOV NEO-TELECOM","8080","socks5","4408","1","2023-05-25T22:07:56.360Z","60","1068","1791"
"83.171.112.77","elite","AS12389","RU","Rostelecom networks","65","OJSC North-West Telecom","3629","socks4","4316","83","2023-05-25T22:07:56.361Z","99","1850","1861"
"210.213.90.26","elite","AS9299","PH","Philippine Long Distance Telephone Co.","203","Philippine Long Distance Telephone Co","8080","socks4","3501","1","2023-05-25T22:07:54.767Z","100","1835","1843"
"104.16.108.204","elite","AS13335","CA","Cloudflare, Inc.","2","Cloudflare, Inc.","80","socks4","3604","2","2023-05-25T22:07:54.766Z","100","1812","1813"
"112.2.21.18","elite","AS56046","CN","China Mobile Communications Corporation","391","China Mobile Communications Corporation","51080","socks4","3304","1","2023-05-25T22:07:54.768Z","87","1514","1741"
"45.7.177.198","elite","AS266626","BR","Litoral Telecom","176","Litoral Telecom","39867","socks4","3591","1","2023-05-25T22:07:54.767Z","99","1768","1780"
"86.57.181.122","elite","AS6697","BY","Republican Unitary Telecommunication Enterprise Beltelecom","50","Byfly Vitebsk","51801","socks4","3696","1","2023-05-25T22:07:54.763Z","95","1765","1851"
"193.106.57.7","elite","AS42510","UA","Magic Line","42","PE \"Magic-line\"","33429","socks5","3295","1","2023-05-25T22:07:53.260Z","91","1691","1862"
"103.70.79.28","elite","AS135463","ID","Diskominfo Kabupaten Sukoharjo","191","N/A","7497","socks4","3397","1","2023-05-25T22:07:53.259Z","95","1733","1822"
"162.12.217.4","elite","N/A","FR","Weelax","195","Weelax","3629","socks4","3492","2","2023-05-25T22:07:53.054Z","98","1809","1846"
"144.48.178.62","elite","AS134254","IN","Shah Infinite Solutions Pvt. Ltd.","125","Rute","83","socks4","3407","1","2023-05-25T22:07:53.259Z","100","1852","1861"
"217.197.252.154","elite","AS34139","RU","CJSC TSI Service","94","Cjsc Tsinet","4145","socks4","3402","2","2023-05-25T22:07:53.055Z","99","1837","1847"
"50.63.165.137","elite","AS398101","US","GoDaddy.com, LLC","183","GoDaddy.com, LLC","47818","socks5","3501","1","2023-05-25T22:07:53.053Z","100","1859","1864"
"45.7.177.255","elite","AS266626","BR","Litoral Telecom","176","Litoral Telecom","39867","socks4","3792","1","2023-05-25T22:07:52.973Z","99","1767","1781"
"77.89.196.202","elite","AS25454","MD","Orange Moldova Network","93","N/A","4153","socks4","3593","1","2023-05-25T22:07:52.974Z","100","1826","1832"
"189.195.176.99","elite","AS13999","MX","Mega Cable, S.A. de C.V.","200","Mega Cable, S.A. de C.V","5678","socks4","4090","1","2023-05-25T22:07:51.363Z","97","1805","1858"
"103.94.133.92","elite","AS136128","ID","PT CITRA AKSES INDONUSA","163","PT CITRA AKSES INDONUSA","4153","socks4","4901","1","2023-05-25T22:07:51.360Z","99","1838","1864"
"211.21.125.32","elite","AS3462","TW","Chunghwa Telecom Co., Ltd.","297","Chunghwa Telecom Co. Ltd.","4153","socks4","3898","1","2023-05-25T22:07:51.364Z","100","1855","1861"
"187.103.74.137","elite","AS52965","BR","1telecom Servicos De Tecnologia EM Internet Ltda","189","1telecom Servicos De Tecnologia EM Internet Ltda","5678","socks4","3909","3","2023-05-25T22:07:51.364Z","93","1694","1828"
"94.20.21.16","elite","AS29049","AZ","Delta Telecom","91","N/A","4153","socks4","4996","1","2023-05-25T22:07:51.358Z","100","1832","1838"
"38.127.173.84","elite","AS174","US","Cogent Communications","93","Torlandia Trading SRL","11537","socks4","3601","1","2023-05-25T22:07:51.472Z","100","1798","1802"
"202.29.231.46","elite","AS4621","TH","Office of Info.Tech. Admin. for Educational Development","205","Office of Info.Tech. Admin. Educational Development","61507","socks4","4002","1","2023-05-25T22:07:51.363Z","92","1710","1864"
"38.127.179.26","elite","AS174","US","Cogent Communications","97","Torlandia Trading SRL","42908","socks4","3698","1","2023-05-25T22:07:51.471Z","100","1781","1785"
"124.41.228.175","elite","AS17501","NP","WorldLink Communications","293","N/A","5678","socks4","5199","1","2023-05-25T22:07:51.357Z","99","1832","1842"
"103.79.152.204","elite","AS131111","ID","MORATELINDO","189","Moratelindo","5678","socks4","4799","2","2023-05-25T22:07:51.360Z","99","1793","1804"
"189.84.125.189","elite","AS28368","BR","Sobralnet Servicos E Telecomunicacoes Ltda - ME","292","Sobralnet Servicos E Telecomunicacoes Ltda - ME","5678","socks4","4706","3","2023-05-25T22:07:51.361Z","97","1701","1756"
"203.6.226.172","elite","AS58519","CN","Cloud Computing Corporation","233","Chinanet GD","8888","socks4","4197","1","2023-05-25T22:07:51.362Z","64","1183","1836"
"83.142.126.147","elite","AS34169","PL","Media-Com Sp. z o.o.","30","Media-Com Sp. z o.o.","80","socks5","5082","1","2023-05-25T22:07:50.070Z","99","1818","1844"
"194.181.82.37","elite","AS8308","PL","NASK","35","N/A","7497","socks5","4101","1","2023-05-25T22:07:50.164Z","100","1833","1838"
"144.126.217.189","elite","AS14061","US","DigitalOcean, LLC","150","DigitalOcean, LLC","12345","socks5","4292","87","2023-05-25T22:07:49.809Z","94","1716","1819"
"178.72.90.70","elite","AS44257","RU","TNGS-SOUTH network","91","JSC Regional Technical Centre","5678","socks4","5009","1","2023-05-25T22:07:49.812Z","99","1848","1858"
"165.22.52.130","elite","AS14061","SG","DigitalOcean, LLC","167","DigitalOcean, LLC","8000","socks4","4892","1","2023-05-25T22:07:49.263Z","67","1226","1823"
"37.187.144.55","elite","AS16276","FR","OVH SAS","5","OVH SAS","9050","socks4","4307","1","2023-05-25T22:07:49.254Z","100","1857","1857"
"27.123.1.37","elite","AS45706","ID","PT Tele Globe Global","167","N/A","4153","socks4","5097","1","2023-05-25T22:07:49.156Z","99","1834","1846"
"47.252.4.1","elite","AS45102","US","Alibaba.com LLC","86","ALICLOUD-US","80","socks4","2893","1","2023-05-25T22:07:49.155Z","70","1232","1759"
"103.47.93.240","elite","AS134058","IN","Broban Internet Services Pvt.ltd","195","Broban  PVT Ltd.","1080","socks4","5098","1","2023-05-25T22:07:49.155Z","99","1846","1861"
"36.89.129.213","elite","AS7713","ID","PT. Telekomunikasi Indonesia","295","Telekomunikasi Indonesia","5678","socks4","3405","1","2023-05-25T22:07:49.154Z","55","1025","1860"
"103.47.93.204","elite","AS134058","IN","Broban Internet Services Pvt.ltd","198","Broban  PVT Ltd.","1080","socks4","4303","1","2023-05-25T22:07:49.154Z","99","1848","1863"
"117.102.78.163","elite","AS17451","ID","BIZNET","187","N/A","1080","socks4","4790","1","2023-05-25T22:07:49.155Z","97","1759","1820"
"185.32.44.161","elite","AS200154","AZ","Izone LLC","74","Izone LLC","4153","socks4","5092","1","2023-05-25T22:07:49.156Z","100","1853","1855"
"47.57.115.226","elite","AS45102","HK","Alibaba (US) Technology Co., Ltd.","382","Alibaba.com LLC","9050","socks4","4896","84","2023-05-25T22:07:49.158Z","99","1801","1814"
"186.10.127.170","elite","AS27651","CL","Entel Chile S.A.","294","Entel Chile S.A","4153","socks4","4993","1","2023-05-25T22:07:49.156Z","87","1614","1860"
"103.127.59.125","elite","AS138501","BD","Unified Core Limited","190","Unified Core Limited","5678","socks4","4302","1","2023-05-25T22:07:48.462Z","98","1824","1853"
"93.119.166.150","elite","AS8926","MD","Moldtelecom SA","55","JSC Moldtelecom S.A.","5678","socks4","4304","1","2023-05-25T22:07:48.461Z","100","1854","1863"
"121.101.186.9","elite","AS38785","ID","BAGUSNET","283","N/A","43296","socks4","4901","1","2023-05-25T22:07:48.462Z","93","1652","1781"
"95.38.75.60","elite","AS41881","IR","Fanava Group","129","Fanava Group","4145","socks4","4988","1","2023-05-25T22:07:48.465Z","91","1635","1798"
"212.83.142.114","elite","AS12876","FR","Online S.A.S.","2","ONLINE","32344","socks5","4521","1","2023-05-25T22:07:48.465Z","100","1843","1843"
"116.118.48.208","elite","AS63760","VN","AZDIGI Corporation","191","N/A","35050","socks4","4395","1","2023-05-25T22:07:48.656Z","99","1849","1861"
"170.82.231.253","elite","AS266458","BR","Megganet Internet E Informatica Ltda","186","Megganet Internet E Informatica Ltda","4153","socks4","4601","1","2023-05-25T22:07:47.157Z","99","1845","1860"
"54.39.102.233","elite","AS16276","CA","OVH SAS","84","OVH Hosting, Inc.","8080","socks4","4092","1","2023-05-25T22:07:45.399Z","100","1756","1756"
"37.186.242.183","elite","AS12874","IT","Fastweb Networks","87","N/A","8080","socks4","4394","84","2023-05-25T22:07:44.607Z","87","1615","1859"
"200.70.19.83","elite","AS10834","AR","Telefonica de Argentina","293","Telefonica de Argentina","4153","socks4","4116","1","2023-05-25T22:07:44.167Z","98","1769","1807"
"45.6.228.178","elite","AS266233","BR","Newmaster Telecom","212","Newmaster Telecom","4145","socks4","3712","1","2023-05-25T22:07:44.161Z","91","1700","1863"
"154.113.86.177","elite","AS37282","NG","Mainone Cable Company","200","MaiOne SME","5678","socks4","4300","1","2023-05-25T22:07:44.166Z","100","1738","1743"
"91.90.16.211","elite","AS13307","UA","SKIF","90","SKIF ISP Ltd.","1080","socks4","4094","1","2023-05-25T22:07:44.170Z","91","1686","1855"
"121.224.89.243","elite","AS4134","CN","Chinanet","193","Chinanet JS","8060","socks5","4398","1","2023-05-25T22:07:44.166Z","37","642","1751"
"190.104.254.239","elite","AS11014","AR","CPS","279","GABRIEL FRANCISCO ERBETTA Y MARIANO ANDRES CARRIZO RICHELET SOCIEDAD DE HECHO (TELNET SOLUCIONES)","4153","socks4","4186","1","2023-05-25T22:07:44.168Z","100","1846","1854"
"186.219.96.193","elite","AS262420","BR","Cabonnet Internet Ltda","285","Cabonnet Internet Ltda","52017","socks4","4085","1","2023-05-25T22:07:44.253Z","99","1843","1860"
"78.40.104.5","elite","AS49628","GE","TrialetiNet","62","Trialeti-Neti LLC","1080","socks4","4312","1","2023-05-25T22:07:44.166Z","100","1856","1857"
"88.255.217.46","elite","AS9121","TR","TurkTelekom","90","N/A","1080","socks4","4208","1","2023-05-25T22:07:44.167Z","18","319","1819"
"197.234.13.67","elite","AS36902","SC","Intelvision","189","Intelvision Ltd","4145","socks4","3495","1","2023-05-25T22:07:44.163Z","100","1837","1846"
"103.205.129.65","elite","AS134850","IN","WAY 2 INTERNET PRIVATE LIMITED","116","WAY 2 Internet Private Limited","4145","socks4","3588","1","2023-05-25T22:07:44.162Z","99","1847","1861"
"138.68.132.158","elite","AS14061","GB","DigitalOcean, LLC","96","DigitalOcean, LLC","8118","socks5","3608","1","2023-05-25T22:07:44.161Z","100","1744","1744"
"121.66.198.76","elite","AS3786","KR","LG DACOM Corporation","291","Boranet","4145","socks4","3804","1","2023-05-25T22:07:44.160Z","99","1840","1852"
"65.108.58.243","elite","AS24940","FI","Hetzner Online GmbH","38","Hetzner Online GmbH","9050","socks4","5010","1","2023-05-25T22:07:41.996Z","81","1435","1780"
"177.222.44.202","elite","AS27882","BO","Telefónica Celular de Bolivia S.A.","280","Telefónica Celular de Bolivia S.A","4153","socks4","3401","1","2023-05-25T22:07:41.766Z","100","1853","1854"
"94.199.108.66","elite","AS8595","RU","OOO WestCall Ltd.","73","NTL P2P","62311","socks5","3714","1","2023-05-25T22:07:41.565Z","99","1763","1779"
"110.78.149.65","elite","AS131090","TH","CAT-BB","190","N/A","4145","socks4","4601","2","2023-05-25T22:07:41.701Z","81","1441","1789"
"46.227.37.49","elite","AS51155","PL","Telemedian - TB Telecom","75","Telemedian","1088","socks4","3896","1","2023-05-25T22:07:41.564Z","100","1814","1821"
"103.51.44.5","elite","AS133819","ID","CIM","293","N/A","4145","socks4","4000","1","2023-05-25T22:07:41.563Z","99","1836","1850"
"45.125.222.125","elite","AS63526","BD","Carnival Internet","179","N/A","47239","socks4","2796","1","2023-05-25T22:07:41.608Z","99","1851","1863"
"36.90.59.221","elite","AS7713","ID","PT. Telekomunikasi Indonesia","283","Telekomunikasi Indonesia","4153","socks4","4686","1","2023-05-25T22:07:41.697Z","82","1518","1855"
"37.152.176.95","elite","AS202468","IR","AbrArvan","193","N/A","80","socks4","3392","1","2023-05-25T22:07:41.854Z","47","829","1766"
"149.20.253.104","elite","AS18615","US","Mainstream Fiber Networks, LLC","108","Mainstream Fiber Networks, LLC","12551","socks4","4881","1","2023-05-25T22:07:41.699Z","100","1752","1755"
"101.34.29.74","elite","AS45090","CN","Shenzhen Tencent Computer Systems Company Limited","207","Tencent Cloud Computing (Beijing) Co., Ltd","2080","socks5","3516","1","2023-05-25T22:07:41.765Z","64","1177","1852"
"45.77.4.241","elite","AS20473","US","The Constant Company","146","Vultr Holdings, LLC","9050","socks5","3702","1","2023-05-25T22:07:41.764Z","92","1666","1806"
"182.253.166.170","elite","AS17451","ID","BIZNET","191","N/A","5678","socks4","4801","90","2023-05-25T22:07:40.055Z","98","1826","1863"
"82.137.245.31","elite","AS29256","SY","ISP-TARASSUL","99","N/A","5678","socks4","3803","1","2023-05-25T22:07:40.166Z","99","1777","1795"
"113.160.227.32","elite","AS45899","VN","VietNam Post and Telecom Corporation","295","Vietnam Posts and Telecommunications Group","1080","socks4","4609","1","2023-05-25T22:07:40.055Z","74","1371","1859"
"43.156.70.173","elite","AS132203","SG","Shenzhen Tencent Computer Systems Company Limited","389","Tencent Cloud Computing","10081","socks5","3905","1","2023-05-25T22:07:40.165Z","100","1755","1763"
"183.166.86.218","elite","AS4134","CN","Chinanet","209","Chinanet AH","1080","socks4","4790","1","2023-05-25T22:07:40.055Z","6","102","1831"
"159.192.121.240","elite","AS131090","TH","CAT-BB","209","N/A","4145","socks4","4598","1","2023-05-25T22:07:40.056Z","100","1845","1849"
"159.224.187.170","elite","AS13188","UA","Triolan","49","N/A","5678","socks4","4501","1","2023-05-25T22:07:40.056Z","85","1585","1860"
"36.95.122.51","elite","AS7713","ID","PT. Telekomunikasi Indonesia","190","Telekomunikasi Indonesia","5678","socks4","4507","1","2023-05-25T22:07:39.968Z","96","1681","1748"
"159.223.163.20","elite","AS14061","US","DigitalOcean, LLC","83","DigitalOcean, LLC","44171","socks5","4703","1","2023-05-25T22:07:38.865Z","68","1269","1865"
"103.3.77.204","elite","AS9341","ID","PT.Indonesia Comnets Plus","191","N/A","5678","socks4","4710","1","2023-05-25T22:07:38.909Z","97","1733","1784"
"103.47.93.239","elite","AS134058","IN","Broban Internet Services Pvt.ltd","186","Broban  PVT Ltd.","1080","socks4","4706","1","2023-05-25T22:07:38.601Z","99","1848","1861"
"223.165.241.9","elite","AS38661","KR","abcle","289","HiLine Internet Service Inc.","47205","socks4","4706","1","2023-05-25T22:07:38.611Z","99","1822","1847"
"185.162.229.70","elite","AS209242","GB","Cloudflare London, LLC","3","Softconstruct Limited","80","socks4","4104","1","2023-05-25T22:07:38.606Z","100","1855","1856"
"185.170.233.107","elite","AS206912","CY","Superdach LTD","90","Infra","47574","socks4","5094","1","2023-05-25T22:07:38.608Z","100","1860","1860"
"20.247.104.85","elite","AS8075","HK","Microsoft Corporation","191","Microsoft Azure Cloud (eastasia)","49999","socks4","4402","1","2023-05-25T22:07:38.906Z","100","1804","1804"
"190.214.50.158","elite","AS28006","EC","Corporacion Nacional De Telecomunicaciones - CNT EP","181","Comite De LA Unidad De Hemodialisis De LA Provinci","55617","socks5","4697","2","2023-05-25T22:07:37.258Z","99","1747","1763"
"194.226.164.214","elite","AS47213","RU","\"IKA Telecom\" LTD","57","\"IKA Telecom\" LTD","1080","socks4","810","1","2023-05-25T22:07:37.858Z","100","1858","1863"
"49.156.39.162","elite","AS24492","KH","WiCAM Corporation Ltd.","197","WiCAM Corporation Ltd.","5678","socks5","2196","1","2023-05-25T22:07:37.859Z","91","1579","1744"
"89.162.185.34","elite","AS15895","UA","SOL Network","42","N/A","1080","socks5","4301","1","2023-05-25T22:07:37.857Z","99","1842","1859"
"119.13.125.238","elite","AS136907","HK","Huawei International Pte. LTD","281","N/A","1080","socks5","4701","1","2023-05-25T22:07:37.968Z","94","1746","1860"
"95.86.206.65","elite","AS13118","RU","Yaroslavsky Branch","85","OJSC Rostelecom","8080","socks4","5086","1","2023-05-25T22:07:37.167Z","64","1201","1864"
"138.255.227.5","elite","AS263989","BR","Gigarede Tecnologia DA Informacao Ltda - ME","258","Gigarede Tecnologia DA Informacao Ltda - ME","296","socks5","520","1","2023-05-25T22:07:37.969Z","99","1807","1823"
"177.93.78.25","elite","AS263163","BR","JR LINK PROVEDOR DE INTERNET VIA RARIO LTDA","191","JR LINK PROVEDOR DE INTERNET VIA RARIO LTDA","4153","socks4","3200","1","2023-05-25T22:07:37.857Z","96","1788","1856"
"54.38.72.186","elite","AS16276","GB","OVH SAS","9","OVH Ltd","16838","socks4","4897","80","2023-05-25T22:07:37.961Z","94","1685","1784"
"103.69.44.21","elite","AS135686","IN","Navyug Networks Info Private Limited","193","Navyug Networks Info Private Limited","4153","socks4","4096","1","2023-05-25T22:07:37.858Z","98","1831","1862"
"47.242.34.249","elite","AS45102","HK","Alibaba.com LLC","275","Hong Kong","33888","socks5","4007","1","2023-05-25T22:07:37.168Z","92","1607","1741"
"81.12.124.50","elite","AS42337","IR","Respina Networks & Beyond PJSC","399","Respina Networks","5678","socks4","4515","1","2023-05-25T22:07:37.260Z","93","1719","1852"
"177.125.205.38","elite","AS262346","BR","FP Telecomunicacoes Ltda","285","FP Telecomunicacoes Ltda","4145","socks4","4598","1","2023-05-25T22:07:37.259Z","66","1215","1841"
"93.105.171.113","elite","AS29314","PL","Vectra S.A","42","Core Net. Broadband","4153","socks4","4397","2","2023-05-25T22:07:37.166Z","100","1862","1864"
"101.43.3.207","elite","AS45090","CN","Shenzhen Tencent Computer Systems Company Limited","181","Tencent Cloud Computing (Beijing) Co., Ltd","2080","socks4","4901","1","2023-05-25T22:07:37.859Z","74","1350","1831"
"101.108.0.189","elite","AS23969","TH","TOT Public Company Limited","195","TOT Public Company Limited","4145","socks4","5194","1","2023-05-25T22:07:37.168Z","50","930","1845"
"208.91.197.18","elite","AS40034","VG","Confluence Networks Inc","80","Confluence Networks Inc","80","socks5","4708","1","2023-05-25T22:07:37.168Z","100","1732","1740"
"43.153.174.16","elite","AS132203","JP","Shenzhen Tencent Computer Systems Company Limited","294","Tencent Cloud Computing","80","socks5","4696","5","2023-05-25T22:07:37.968Z","91","1613","1782"
"44.190.9.101","elite","AS15102","CA","Corridor Communications, INC.","191","Amateur Radio Digital Communications","48100","socks4","5008","1","2023-05-25T22:07:35.362Z","99","1755","1772"
"103.89.62.21","elite","AS58972","IN","Bhomika Network PVT LTD","157","Bhomika Network Pvt Ltd","4153","socks4","4801","1","2023-05-25T22:07:35.110Z","99","1834","1854"
"202.51.122.163","elite","AS17995","ID","PT iForte Global Internet","184","N/A","4673","socks4","4496","1","2023-05-25T22:07:35.115Z","99","1852","1862"
"182.253.182.38","elite","AS17451","ID","BIZNET","201","N/A","5678","socks4","4786","1","2023-05-25T22:07:35.363Z","95","1660","1745"
"66.97.37.164","elite","AS27823","AR","Dattatec.com","223","Dattatec Corp","80","socks4","4807","1","2023-05-25T22:07:35.105Z","100","1859","1861"
"183.89.97.96","elite","AS45629","TH","Triple T Broadband Public Company Limited","192","Triple T Broadband Public Company Limited","8080","socks4","4601","1","2023-05-25T22:07:35.107Z","93","1688","1806"
"186.251.255.133","elite","AS267513","BR","Seanet Telecom Carazinho Eireli","219","Seanet Telecom Carazinho Eireli","31337","socks4","4297","1","2023-05-25T22:07:35.363Z","99","1813","1826"
"182.84.149.121","elite","AS4134","CN","Chinanet","211","Chinanet JX","44844","socks4","5090","79","2023-05-25T22:07:35.554Z","40","728","1842"
"192.12.113.255","elite","AS61942","BR","Rosana Ferreira da Silva Multimidia ME","225","Turbonet Telecom Ltda","4145","socks4","4395","1","2023-05-25T22:07:35.100Z","56","1014","1816"
"202.44.228.181","elite","AS4618","TH","Internet Thailand Company Ltd.","192","Internet Thailand Company Limited","4153","socks4","4804","1","2023-05-25T22:07:35.553Z","12","217","1743"
"141.164.36.205","elite","AS20473","KR","KOR VULTR","294","N/A","54301","socks5","5093","1","2023-05-25T22:07:35.013Z","35","657","1864"
"178.212.51.79","elite","AS197025","PL","Lubuskie Sieci Swiatlowodowe Sp. z o. o.","38","Lubuskie Sieci Swiatlowodowe Sp. z o. o","5678","socks4","4989","1","2023-05-25T22:07:35.396Z","99","1805","1824"
"190.103.29.101","elite","AS264628","VE","CORPORACION FIBEX TELECOM, C.A.","154","CORPORACION FIBEX TELECOM, C.A","4145","socks4","3297","3","2023-05-25T22:07:34.058Z","96","1788","1864"
"180.183.116.54","elite","AS45629","TH","Triple T Broadband Public Company Limited","194","Triple T Broadband Public Company Limited","8080","socks4","4407","1","2023-05-25T22:07:34.059Z","93","1733","1861"
"2.139.2.212","elite","AS3352","ES","RIMA (Red IP Multi Acceso)","23","N/A","4145","socks4","3301","1","2023-05-25T22:07:33.866Z","100","1816","1823"
"138.186.93.4","elite","AS263124","BR","ZAP TELECOM LTDA","241","ZAP TELECOM LTDA","5678","socks4","4985","1","2023-05-25T22:07:33.866Z","53","983","1861"
"36.89.17.227","elite","AS7713","ID","PT. Telekomunikasi Indonesia","213","Telekomunikasi Indonesia","1080","socks4","4889","2","2023-05-25T22:07:33.865Z","98","1823","1858"
"36.37.104.98","elite","AS4800","ID","LINTASARTA","282","N/A","34040","socks4","4618","1","2023-05-25T22:07:33.865Z","99","1841","1863"
"209.240.50.56","elite","AS36515","US","Allens Communications","196","Allen's TV Cable Service, Inc.","39593","socks4","5099","1","2023-05-25T22:07:33.864Z","100","1847","1854"
"46.29.116.6","elite","AS44963","RU","KMVtelecom","87","Joint Stock company \"KMVtelecom\"","4145","socks4","4502","1","2023-05-25T22:07:33.866Z","100","1855","1858"
"186.226.145.228","elite","AS28343","BR","Unifique TelecomunicaÔÔes SA","223","Unifique Telecomunicações SA","4145","socks4","4403","1","2023-05-25T22:07:31.703Z","100","1859","1861"
"5.9.144.19","elite","AS24940","DE","Hetzner Online GmbH","79","Hetzner","30000","socks5","4994","2","2023-05-25T22:07:30.863Z","43","770","1776"
"200.192.236.242","elite","AS263248","CR","GCI SERVICE PROVIDER S.A.","189","GCI SERVICE PROVIDER S.A","1080","socks4","4293","1","2023-05-25T22:07:30.864Z","100","1860","1865"
"172.67.69.9","elite","AS13335","CA","Cloudflare, Inc.","3","Cloudflare, Inc.","80","socks5","4600","1","2023-05-25T22:07:30.866Z","100","1772","1772"
"217.66.223.41","elite","AS24631","IR","Tose'h Fanavari Ertebabat Pasargad Arian Co. PJS","191","Fanaptelecom Network","5678","socks5","4595","1","2023-05-25T22:07:30.864Z","93","1678","1801"
"200.80.227.234","elite","AS19037","AR","Telmex Argentina S.A","251","Hipodromo Argentino De Palermo S.a. - Casino Club","4145","socks4","4221","1","2023-05-25T22:07:30.654Z","100","1862","1862"
"41.223.234.2","elite","AS37008","BF","Alink Telecom Faso v","185","N/A","80","socks4","4904","1","2023-05-25T22:07:30.865Z","99","1830","1846"
"202.5.36.133","elite","AS45326","BD","BBTS-NEW","206","N/A","5678","socks4","5095","1","2023-05-25T22:07:30.962Z","92","1714","1861"
"38.127.172.28","elite","AS174","US","Cogent Communications","81","Torlandia Trading SRL","11537","socks4","4895","90","2023-05-25T22:07:30.962Z","100","1800","1802"
"105.27.143.174","elite","AS37100","ZA","SEACOM Limited Networks","193","N/A","4153","socks4","4905","1","2023-05-25T22:07:30.866Z","98","1798","1828"
"36.94.35.245","elite","AS7713","ID","PT. Telekomunikasi Indonesia","195","Telekomunikasi Indonesia","5678","socks5","4194","1","2023-05-25T22:07:29.197Z","99","1745","1757"
"209.141.33.219","elite","AS53667","US","FranTech Solutions","141","FranTech Solutions","9092","socks5","4590","1","2023-05-25T22:07:29.308Z","100","1839","1845"
"43.132.165.196","elite","AS132203","HK","Shenzhen Tencent Computer Systems Company Limited","291","Tencent Cloud Computing","16051","socks5","4391","1","2023-05-25T22:07:29.200Z","99","1849","1862"
"24.205.10.252","elite","AS20115","US","Charter Communications","190","Spectrum","30333","socks4","4803","2","2023-05-25T22:07:29.108Z","100","1841","1843"
"104.16.105.182","elite","AS13335","CA","Cloudflare, Inc.","6","Cloudflare, Inc.","80","socks4","2798","2","2023-05-25T22:07:29.111Z","100","1766","1767"
"177.53.169.178","elite","AS262474","BR","Alterna Telecomunicacoes E Conectividade Ltda EPP","797","Alterna Telecomunicacoes E Conectividade Ltda EPP","4153","socks4","4905","1","2023-05-25T22:07:28.764Z","99","1840","1857"
"198.0.198.132","elite","AS7922","US","Comcast Cable Communications","198","SMX SM PUBLIC ARPRT DIST","54321","socks4","4499","84","2023-05-25T22:07:28.664Z","95","1768","1863"
"186.251.254.253","elite","AS267513","BR","Seanet Telecom Carazinho Eireli","298","Seanet Telecom Carazinho Eireli","31337","socks4","4596","1","2023-05-25T22:07:28.764Z","100","1854","1862"
"146.88.203.171","elite","AS58424","KH","Xinwei (Cambodia) Telecom Co. Ltd","298","XINWEITELECOM","5678","socks4","4201","1","2023-05-25T22:07:28.765Z","91","1696","1856"
"181.48.193.42","elite","AS14080","CO","Telmex Colombia S.A.","147","Telmex Colombia S.A.","2580","socks4","4890","1","2023-05-25T22:07:28.763Z","100","1858","1862"
"77.46.138.33","elite","AS8400","RS","TELEKOM-SRBIJA","96","N/A","33608","socks4","3701","1","2023-05-25T22:07:28.662Z","100","1858","1858"
"8.210.206.32","elite","AS45102","HK","Alibaba (US) Technology Co., Ltd.","263","Alibaba.com Singapore E-Commerce Private Limited","47161","socks5","4403","1","2023-05-25T22:07:28.763Z","99","1806","1833"
"185.66.59.204","elite","AS200509","ES","Solucions Valencianes i Noves Tecnologies SL","83","Svint","42647","socks4","4497","1","2023-05-25T22:07:28.661Z","100","1744","1745"
"173.195.27.140","elite","AS11976","US","Fidelity Communication International Inc.","189","Fidelity Communication International Inc.","10091","socks4","2591","1","2023-05-25T22:07:28.764Z","100","1859","1861"
"115.178.49.238","elite","AS38783","ID","NOC SIMAYA","197","N/A","4145","socks4","4899","1","2023-05-25T22:07:26.499Z","95","1775","1866"
"77.235.28.229","elite","AS41750","KG","Mega-Line Ltd.","85","Megaline","4153","socks4","4399","94","2023-05-25T22:07:26.957Z","99","1834","1854"
"131.108.118.27","elite","AS264353","BR","CatalÔo Bandnet ServiÔos MultimÔdia LTDA - ME","300","Catalão Bandnet Serviços Multimídia LTDA - ME","2022","socks4","4699","1","2023-05-25T22:07:26.010Z","99","1769","1780"
"185.170.233.101","elite","AS206912","CY","Superdach LTD","65","Infra","47574","socks4","3212","1","2023-05-25T22:07:26.106Z","100","1796","1796"
"177.47.207.243","elite","AS262470","BR","Pontenet Teleinformática Ltda.","292","Pontenet Teleinformática Ltda","8080","socks4","1995","2","2023-05-25T22:07:26.104Z","62","1119","1803"
"103.70.159.143","elite","AS133720","IN","speednet","127","N/A","5678","socks4","64","1","2023-05-25T22:07:26.008Z","99","1785","1801"
"177.55.57.69","elite","AS262493","BR","Webby Tecnologia Ltda","214","Webby Tecnologia Ltda","3128","socks5","3404","1","2023-05-25T22:07:26.005Z","99","1723","1748"
"202.43.230.143","elite","AS9422","ID","PT Solnet Indonesia","175","N/A","4153","socks4","3693","85","2023-05-25T22:07:26.101Z","97","1759","1807"
"150.129.109.14","elite","AS45804","IN","MEGHBELA","182","Meghbela Entertainment Ltd","5678","socks4","5101","1","2023-05-25T22:07:26.112Z","99","1836","1861"
"45.116.114.45","elite","AS58898","IN","Rainbow communications India Pvt Ltd","294","Rainbow Communications India Pvt Ltd","5678","socks4","4606","1","2023-05-25T22:07:26.000Z","98","1712","1748"
"77.37.142.203","elite","AS42610","RU","NCNET","49","N/A","53281","socks5","4500","84","2023-05-25T22:07:26.003Z","97","1740","1798"
"89.22.113.189","elite","AS45012","DE","dogado GmbH","80","dogado GmbH","50563","socks5","4418","2","2023-05-25T22:07:26.496Z","100","1784","1785"
"91.106.90.134","elite","AS56503","IR","PJSC \"Badr Rayan Jonoob\"","184","Kimianet Bandar","4145","socks4","5191","1","2023-05-25T22:07:26.866Z","94","1707","1808"
"202.159.35.153","elite","AS9340","ID","PT IndoInternet","286","N/A","443","socks4","4915","1","2023-05-25T22:07:26.867Z","100","1854","1859"
"45.7.176.78","elite","AS266626","BR","Litoral Telecom","173","Litoral Telecom","52246","socks4","4804","1","2023-05-25T22:07:26.109Z","98","1828","1859"
"46.126.70.47","elite","AS6830","CH","UPC Schweiz GmbH","96","UPC Schweiz GmbH","9050","socks5","5093","1","2023-05-25T22:07:25.256Z","99","1814","1826"
"104.197.84.43","elite","AS396982","US","Google LLC","107","Google Cloud (us-central1)","80","socks5","4712","1","2023-05-25T22:07:25.258Z","100","1828","1828"
"182.253.247.245","elite","AS17451","ID","BIZNET","289","N/A","4153","socks4","4404","1","2023-05-25T22:07:25.155Z","97","1779","1835"
"146.59.155.82","elite","AS16276","FR","OVH SAS","6","OVH","7497","socks5","2813","2","2023-05-25T22:07:25.364Z","100","1780","1780"
"190.96.18.88","elite","AS14259","CL","Gtd Internet S.A.","230","Manquehuenet","5678","socks4","4604","1","2023-05-25T22:07:25.155Z","100","1833","1841"
"195.154.43.221","elite","AS12876","FR","Online S.A.S.","80","ONLINE","32485","socks5","4593","1","2023-05-25T22:07:25.255Z","99","1770","1784"
"186.251.255.93","elite","AS267513","BR","Seanet Telecom Carazinho Eireli","284","Seanet Telecom Carazinho Eireli","31337","socks4","5002","1","2023-05-25T22:07:25.154Z","99","1834","1847"
"170.233.148.2","elite","AS265096","BR","PRGNET SERVIÇOS DE TELECOMUNICAÇÕES","282","PRGNET SERVIÇOS DE TELECOMUNICAÇÕES","4153","socks4","4211","1","2023-05-25T22:07:25.258Z","99","1840","1862"
"45.70.237.144","elite","AS264668","EC","Nedetel S.A.","194","Nedetel S.A","4145","socks4","4408","2","2023-05-25T22:07:25.997Z","99","1809","1823"
"143.244.140.236","elite","AS14061","IN","DigitalOcean, LLC","136","DigitalOcean, LLC","8444","socks4","5187","1","2023-05-25T22:07:25.256Z","100","1783","1785"
"177.125.165.170","elite","AS262346","BR","FP Telecomunicacoes Ltda","292","FP Telecomunicacoes Ltda","4145","socks4","4906","1","2023-05-25T22:07:25.257Z","65","1195","1847"
"54.36.108.221","elite","AS16276","DE","OVH SAS","11","OVH GmbH","40305","socks4","5090","1","2023-05-25T22:07:25.156Z","100","1862","1862"
"47.243.253.113","elite","AS45102","HK","Alibaba (US) Technology Co., Ltd.","288","Alibaba.com LLC","61507","socks4","3998","1","2023-05-25T22:07:25.258Z","52","932","1809"
"177.36.185.180","elite","AS53062","BR","Ggnet Telecom Backbone","215","Ggnet Telecom Backbone","5678","socks4","4707","1","2023-05-25T22:07:25.156Z","99","1835","1861"
"69.163.166.113","elite","AS26347","US","New Dream Network, LLC","190","New Dream Network, LLC","19761","socks5","4801","1","2023-05-25T22:07:23.069Z","100","1818","1818"
"185.214.187.104","elite","AS48858","RU","JSC \"ER-Telecom Holding\"","200","JSC \"ER-Telecom Holding\"","1080","socks5","4604","2","2023-05-25T22:07:23.098Z","100","1796","1801"
"146.145.199.110","elite","AS7029","US","Windstream Communications LLC","89","Colo16","8080","socks5","2389","1","2023-05-25T22:07:23.101Z","99","1846","1860"
"203.24.103.8","elite","AS209242","VG","Cloudflare London, LLC","2","Anaga Consulting Limited","80","socks4","4106","2","2023-05-25T22:07:23.353Z","100","1759","1760"
"116.58.232.23","elite","AS131090","TH","CAT-BB","194","N/A","4145","socks4","3592","1","2023-05-25T22:07:22.805Z","69","1210","1759"
"37.131.165.19","elite","AS35745","PL","KSU Provector Network","81","N/A","59341","socks4","4913","91","2023-05-25T22:07:22.801Z","100","1755","1755"
"74.95.1.114","elite","AS7922","US","Comcast Cable Communications","191","Budget INN SAN Leandro","33108","socks4","4699","1","2023-05-25T22:07:21.663Z","98","1812","1852"
"178.128.148.69","elite","AS14061","US","DigitalOcean, LLC","86","Digitalocean","3128","socks4","4502","1","2023-05-25T22:07:21.858Z","100","1792","1797"
"197.234.13.25","elite","AS36902","SC","Intelvision","175","Intelvision Ltd","4145","socks4","5108","1","2023-05-25T22:07:21.768Z","100","1854","1859"
"173.195.27.138","elite","AS11976","US","Fidelity Communication International Inc.","194","Fidelity Communication International Inc.","10091","socks4","4400","1","2023-05-25T22:07:21.661Z","100","1845","1845"
"103.66.233.161","elite","AS134014","IN","NET 4 U SERVICES","281","N/A","4145","socks4","3806","1","2023-05-25T22:07:21.662Z","100","1854","1861"
"119.15.81.98","elite","AS24492","KH","WiCAM Corporation Ltd","291","WiCAM Corporation, LTD","5678","socks4","4598","1","2023-05-25T22:07:21.662Z","88","1631","1858"
"143.202.226.31","elite","AS262346","BR","FP Telecomunicacoes Ltda","283","FP Telecomunicacoes Ltda","4145","socks4","4190","1","2023-05-25T22:07:21.767Z","79","1474","1862"
"41.60.232.61","elite","AS30844","KE","Maintainer Liquid Telecommunications Operations Limited","175","Liquid Telecommunications Operations Limited","5678","socks4","3199","1","2023-05-25T22:07:21.859Z","76","1376","1799"
"103.35.108.198","elite","AS23991","BD","Ranks ITT","195","Ranks ITT Ltd.","4145","socks4","4905","2","2023-05-25T22:07:19.095Z","100","1852","1859"
"104.168.234.148","elite","AS54290","US","Hostwinds LLC.","193","Hostwinds LLC","3128","socks4","4296","1","2023-05-25T22:07:19.507Z","89","1621","1817"
"8.210.119.213","elite","AS45102","HK","Alibaba.com LLC","293","Hong Kong","3304","socks5","4491","1","2023-05-25T22:07:19.757Z","75","1355","1802"
"134.119.184.235","elite","AS29066","FR","Host Europe GmbH","9","Bogdan Gribov","30912","socks5","4798","1","2023-05-25T22:07:19.872Z","100","1837","1839"
"118.172.134.75","elite","AS23969","TH","TOT Public Company Limited","191","TOT Public Company Limited","4145","socks4","1988","1","2023-05-25T22:07:19.873Z","54","973","1799"
"177.38.5.19","elite","AS52964","BR","F?BIO MENDES DIAS LTDA ME","206","FÁBIO MENDES DIAS LTDA ME","4153","socks4","4899","2","2023-05-25T22:07:19.504Z","96","1777","1845"
"143.244.149.59","elite","AS14061","US","DigitalOcean, LLC","85","DigitalOcean, LLC","35887","socks5","4590","3","2023-05-25T22:07:19.510Z","99","1773","1782"
"217.115.115.170","elite","AS30900","IE","Sternforth Ltd. trading as WebWorld","24","Webworld","56792","socks5","4892","1","2023-05-25T22:07:19.872Z","92","1717","1861"
"202.50.202.65","elite","AS55696","ID","PT Starcom Solusindo","187","N/A","48617","socks4","4911","1","2023-05-25T22:07:19.756Z","100","1753","1756"
"103.70.159.155","elite","AS133720","IN","speednet","113","N/A","5678","socks4","3999","2","2023-05-25T22:07:19.011Z","99","1806","1816"
"75.119.203.49","elite","AS26347","US","New Dream Network, LLC","147","New Dream Network, LLC","32238","socks4","4999","1","2023-05-25T22:07:19.105Z","100","1845","1846"
"95.38.95.55","elite","AS41881","IR","Fanava Group","91","Fanava Group","9050","socks5","4398","1","2023-05-25T22:07:19.958Z","29","515","1755"
"192.154.195.76","elite","AS64200","US","Vivid-hosting LLC","184","Vivid-hosting LLC","9000","socks5","4312","1","2023-05-25T22:07:19.757Z","100","1732","1736"
"185.150.140.143","elite","AS29256","SY","Syrian Telecom","257","N/A","5678","socks4","4794","1","2023-05-25T22:07:19.499Z","88","1595","1804"
"45.7.177.214","elite","AS266626","BR","Litoral Telecom","196","Litoral Telecom","39867","socks4","4900","1","2023-05-25T22:07:19.758Z","99","1827","1842"
"5.9.147.197","elite","AS24940","DE","Hetzner Online GmbH","23","Hetzner","30000","socks4","4196","2","2023-05-25T22:07:19.008Z","100","1781","1782"
"95.79.99.159","elite","AS42682","RU","JSC \"ER-Telecom Holding\"","96","JSC \"ER-Telecom Holding\" Nizhny Novgorod","44068","socks4","4909","1","2023-05-25T22:07:18.264Z","99","1741","1757"
"218.1.200.180","elite","AS4812","CN","China Telecom","179","N/A","57114","socks5","4897","1","2023-05-25T22:07:18.265Z","41","731","1784"
"144.76.92.16","elite","AS24940","DE","Hetzner Online GmbH","81","Hetzner","30128","socks4","4196","1","2023-05-25T22:07:18.264Z","100","1838","1838"
"89.237.33.225","elite","AS20485","RU","multi-origin SUTTK","67","N/A","51549","socks4","5104","2","2023-05-25T22:07:16.469Z","100","1831","1839"
"187.62.86.129","elite","AS269715","BR","Infinitygo Telecom Ltda","191","Infinitygo Telecom Ltda","5678","socks4","4007","1","2023-05-25T22:07:16.469Z","30","562","1859"
"185.59.67.131","elite","AS56882","ES","LCR","26","Leat Cost Routing Telecom S.L.","5678","socks4","2794","83","2023-05-25T22:07:16.463Z","98","1751","1790"
"47.111.179.60","elite","AS37963","CN","Hangzhou Alibaba Advertising Co","291","Aliyun Computing Co., LTD","8877","socks4","4498","1","2023-05-25T22:07:16.465Z","89","1560","1753"
"51.77.73.78","elite","AS16276","DE","OVH SAS","12","Sastre Vazquez Antonio","31979","socks4","4201","76","2023-05-25T22:07:16.196Z","100","1805","1810"
"183.89.113.160","elite","AS45629","TH","Triple T Broadband Public Company Limited","172","Triple T Broadband Public Company Limited","8080","socks5","4098","1","2023-05-25T22:07:16.464Z","91","1609","1764"
"31.206.38.48","elite","AS15924","TR","Vodafone NET Iletisim Hizmetleri Anonim Sirketi","84","Vfnet Data Support","37630","socks4","5590","1","2023-05-25T22:07:16.468Z","100","1854","1862"
"114.88.241.195","elite","AS4812","CN","China Telecom (Group)","204","Chinanet SH","2080","socks5","4297","1","2023-05-25T22:07:16.467Z","53","962","1811"
"45.7.177.215","elite","AS266626","BR","Litoral Telecom","187","Litoral Telecom","39867","socks4","4398","1","2023-05-25T22:07:16.465Z","99","1842","1860"
"190.103.240.4","elite","AS27983","AR","Red Intercable Digital S.A.","234","Ercom SRL","4153","socks4","5000","79","2023-05-25T22:07:16.468Z","80","1495","1861"
"5.189.133.192","elite","AS51167","DE","Contabo GmbH","21","Contabo GmbH","50893","socks5","3799","1","2023-05-25T22:07:16.564Z","100","1777","1779"
"116.68.196.209","elite","AS23923","BD","Agni Systems Ltd. SUB","192","Agni Systems Ltd.","1080","socks4","4411","1","2023-05-25T22:07:16.468Z","99","1812","1826"
"197.234.13.52","elite","AS36902","SC","Intelvision","164","Intelvision Ltd","4145","socks4","4494","1","2023-05-25T22:07:16.004Z","100","1740","1746"
"173.212.235.242","elite","AS51167","DE","Contabo GmbH","18","Contabo GmbH","32041","socks4","1711","1","2023-05-25T22:07:14.457Z","82","1458","1776"
"43.153.177.61","elite","AS132203","JP","Shenzhen Tencent Computer Systems Company Limited","297","Tencent Cloud Computing","443","socks5","4206","1","2023-05-25T22:07:14.558Z","84","1522","1812"
"218.92.231.163","elite","AS4134","CN","CHINANET jiangsu province network","194","N/A","1080","socks5","4410","1","2023-05-25T22:07:13.962Z","89","1600","1806"
"196.2.13.12","elite","AS25429","BI","CBINET Burundi","197","Cbinet","4153","socks4","3396","1","2023-05-25T22:07:13.962Z","88","1625","1845"
"93.117.72.27","elite","AS8926","MD","Moldtelecom SA","51","JSC Moldtelecom S.A.","55770","socks4","116","1","2023-05-25T22:07:12.366Z","82","1519","1862"
"197.234.13.4","elite","AS36902","SC","Intelvision","172","Intelvision Ltd","4145","socks4","4985","1","2023-05-25T22:07:12.705Z","100","1773","1780"
"103.59.203.193","elite","AS134014","IN","NET 4 U SERVICES PVT LTD","199","NET 4 U Services PVT LTD","4145","socks4","4786","83","2023-05-25T22:07:12.366Z","99","1767","1777"
"179.56.238.64","elite","AS14117","CL","Telefonica del Sur S.A.","257","Telefonica del Sur S.A","999","socks4","2396","1","2023-05-25T22:07:12.916Z","72","1291","1781"
"165.225.80.214","elite","AS62044","GB","Zscaler Switzerland GmbH","9","Zscaler, Inc.","10605","socks4","4412","1","2023-05-25T22:07:12.597Z","98","1817","1861"
"51.81.122.151","elite","AS16276","US","OVH SAS","79","OVH US LLC","62611","socks5","5001","1","2023-05-25T22:07:12.465Z","90","1681","1862"
"177.12.177.241","elite","AS263033","BR","Linxbr Telecomunicacoes Ltda","193","Linkli Telecomunicacoes Ltda","4153","socks4","4189","1","2023-05-25T22:07:12.603Z","61","1115","1821"
"45.112.0.34","elite","AS134000","IN","Gbps Networks Private Limited","282","Gbps Networks Pvt. Ltd.","4145","socks4","4992","1","2023-05-25T22:07:12.702Z","100","1823","1825"
"149.20.253.101","elite","AS18615","US","Mainstream Fiber Networks, LLC","100","Mainstream Fiber Networks, LLC","12551","socks4","4489","1","2023-05-25T22:07:12.466Z","100","1855","1858"
"185.204.197.25","elite","AS60631","IR","Pars Parva System LLC","86","Pars Parva System LLC","8080","socks4","3597","1","2023-05-25T22:07:12.700Z","98","1721","1753"
"47.57.246.250","elite","AS45102","HK","Alibaba (US) Technology Co., Ltd.","255","Alibaba.com LLC","53213","socks5","4795","1","2023-05-25T22:07:12.365Z","45","831","1858"
"123.121.130.241","elite","AS4808","CN","China Unicom Beijing Province Network","298","N/A","9999","socks4","4502","1","2023-05-25T22:07:12.367Z","79","1390","1761"
"217.115.112.64","elite","AS30900","IE","Sternforth Limited","26","Web World Ireland","56792","socks5","4490","86","2023-05-25T22:07:12.464Z","91","1698","1863"
"203.150.128.90","elite","AS4618","TH","Internet Thailand Company Ltd","295","INEXT Broadband Company Limited","8080","socks4","4704","1","2023-05-25T22:07:12.466Z","21","373","1761"
"198.89.91.198","elite","AS21299","KZ","Kar-Tel LLC","182","Kar-Tel LLC","5678","socks4","4290","1","2023-05-25T22:07:12.367Z","50","922","1862"
"191.28.72.40","elite","AS26599","BR","Vivo","294","TELEF�NICA BRASIL S.A","8080","socks4","4790","84","2023-05-25T22:07:12.921Z","53","940","1782"
"43.154.173.221","elite","AS132203","HK","Shenzhen Tencent Computer Systems Company Limited","246","Tencent Cloud Computing","1080","socks4","4488","1","2023-05-25T22:07:12.600Z","95","1768","1864"
"177.70.66.49","elite","AS262544","BR","Sulcom InformÔtica Ltda","241","Sulcom Informática Ltda","4145","socks4","4598","1","2023-05-25T22:07:12.913Z","99","1731","1742"
"197.234.13.34","elite","AS36902","SC","Intelvision","179","Intelvision Ltd","4145","socks4","4689","1","2023-05-25T22:07:12.364Z","100","1854","1859"
"43.134.168.21","elite","AS132203","SG","Aceville Pte.ltd","379","N/A","443","socks4","4202","1","2023-05-25T22:07:12.467Z","92","1661","1813"
"180.183.1.84","elite","AS45629","TH","Triple T Broadband Public Company Limited","152","Triple T Broadband Public Company Limited","8080","socks5","4812","1","2023-05-25T22:07:10.763Z","97","1682","1736"
"184.105.134.166","elite","AS6939","US","Hurricane Electric LLC","134","Hurricane Electric","48324","socks4","5100","1","2023-05-25T22:07:10.762Z","99","1847","1859"
"185.19.213.56","elite","AS51362","ES","Operadora Gredos 3","180","Operadora Gredos SL","5678","socks4","4305","85","2023-05-25T22:07:10.208Z","59","1035","1752"
"190.4.49.122","elite","AS23383","HN","Navega.com S.A","180","UPNFM","57775","socks4","4794","1","2023-05-25T22:07:10.855Z","100","1794","1800"
"142.44.241.192","elite","AS16276","CA","OVH SAS","90","OVH Hosting, Inc.","7497","socks5","5287","1","2023-05-25T22:07:10.204Z","100","1801","1805"
"51.89.116.108","elite","AS16276","GB","OVH SAS","12","OVH GmbH","60701","socks4","4498","1","2023-05-25T22:07:10.297Z","100","1786","1786"
"43.240.113.91","elite","AS38794","TH","United Information Highway Co., Ltd.","183","United Information Highway Co., Ltd","42967","socks5","5005","1","2023-05-25T22:07:09.160Z","98","1817","1861"
"170.81.140.79","elite","AS28418","MX","Nueva RED Internet De Mexico S De RL De CV","185","Nueva RED Internet De Mexico S De RL De CV","61437","socks4","5110","1","2023-05-25T22:07:09.056Z","99","1828","1844"
"202.6.224.52","elite","AS23756","ID","Padi Internet","292","N/A","1080","socks4","4108","2","2023-05-25T22:07:09.056Z","100","1852","1857"
"185.6.9.176","elite","AS12552","SE","GlobalConnect AB","96","Internet Vikings International AB","25288","socks4","4910","1","2023-05-25T22:07:09.161Z","100","1765","1765"
"51.89.45.60","elite","AS16276","GB","OVH SAS","11","Lab Vibrant","44469","socks5","4901","85","2023-05-25T22:07:09.162Z","100","1815","1816"
"104.19.235.10","elite","AS13335","CA","Cloudflare, Inc.","2","Cloudflare, Inc.","80","socks5","4912","2","2023-05-25T22:07:09.057Z","100","1756","1756"
"179.125.112.60","elite","AS263634","BR","Tacnet Telecom","292","Tacnet Telecom","14888","socks4","4986","2","2023-05-25T22:07:09.057Z","98","1818","1848"
"191.7.189.184","elite","AS263329","BR","FIBERCOM Telecomunicações","227","FIBERCOM Telecomunicações","5678","socks4","4809","1","2023-05-25T22:07:09.814Z","94","1654","1763"
"31.146.60.54","elite","AS35805","GE","JSC \"Silknet\"","94","Silknet Gpon","8080","socks4","5008","1","2023-05-25T22:07:09.055Z","100","1782","1783"
"171.97.107.99","elite","AS17552","TH","True Internet Corporation CO. Ltd.","193","Truenet Hisp","4145","socks4","4399","1","2023-05-25T22:07:09.899Z","59","1069","1823"
"94.228.253.51","elite","AS15672","RU","TZ-Telecom Address","57","JSC TZ-Telecom","4145","socks4","2103","1","2023-05-25T22:07:09.897Z","100","1740","1741"
"103.233.152.179","elite","AS17451","ID","BIZNET","385","N/A","1080","socks4","4592","1","2023-05-25T22:07:09.801Z","98","1754","1788"
"84.241.22.125","elite","AS31549","IR","SHATEL Network","115","Shatel Group","4145","socks5","4381","1","2023-05-25T22:07:07.454Z","99","1783","1794"
"177.93.78.54","elite","AS263163","BR","JR LINK PROVEDOR DE INTERNET VIA RARIO LTDA","193","JR LINK PROVEDOR DE INTERNET VIA RARIO LTDA","4153","socks4","4900","1","2023-05-25T22:07:07.455Z","96","1771","1836"
"182.253.153.68","elite","AS17451","ID","BIZNET","183","N/A","5678","socks4","5106","1","2023-05-25T22:07:07.455Z","95","1737","1829"
"181.3.37.213","elite","AS7303","AR","Telecom Argentina S.A.","399","Telecom Personal Bs","1080","socks4","5099","1","2023-05-25T22:07:07.557Z","50","929","1848"
"36.67.63.239","elite","AS7713","ID","PT. Telekomunikasi Indonesia","199","N/A","38071","socks4","5011","1","2023-05-25T22:07:07.454Z","84","1570","1866"
"117.186.40.30","elite","AS24400","CN","China Mobile communications corporation","295","China Mobile","1080","socks4","4002","1","2023-05-25T22:07:07.453Z","87","1581","1823"
"50.116.60.163","elite","AS63949","US","Akamai Technologies, Inc.","85","Linode","37170","socks4","5011","1","2023-05-25T22:07:07.455Z","94","1684","1788"
"161.97.88.197","elite","AS51167","DE","Contabo GmbH","29","Contabo GmbH","18722","socks4","5000","1","2023-05-25T22:07:07.106Z","100","1813","1818"
"202.107.74.24","elite","AS4837","CN","CNC Group CHINA169 Liaoning Province Network","179","N/A","7312","socks5","4799","1","2023-05-25T22:07:07.374Z","87","1603","1843"
"173.249.15.6","elite","AS51167","DE","Contabo GmbH","16","Contabo GmbH","63982","socks5","5002","1","2023-05-25T22:07:07.558Z","99","1807","1830"
"203.115.123.163","elite","AS17426","IN","PRIMENET","195","Primenet Global Ltd.","9999","socks4","127","2","2023-05-25T22:07:06.910Z","100","1854","1861"
"38.127.179.124","elite","AS174","US","Cogent Communications","81","Torlandia Trading SRL","15290","socks4","2311","1","2023-05-25T22:07:06.064Z","100","1782","1784"
"137.110.161.153","elite","AS7377","US","University of California, San Diego","194","University of California, San Diego","80","socks4","4399","1","2023-05-25T22:07:06.912Z","100","1843","1844"
"149.202.23.207","elite","AS16276","ES","OVH SAS","89","Hekmatyar Koko","16379","socks5","4391","1","2023-05-25T22:07:06.065Z","100","1858","1859"
"155.93.255.137","elite","AS37680","ZA","CISPIPCT1","151","N/A","4153","socks4","3175","1","2023-05-25T22:07:06.901Z","99","1840","1862"
"41.174.132.82","elite","AS30844","CD","Liquid Telecommunications Ltd","291","LIT DRC","5678","socks4","154","1","2023-05-25T22:07:06.907Z","35","650","1845"
"185.56.246.76","elite","AS41026","PL","KOPnet S.C. Marek Szczudlo Juliusz Kostrzewski","41","Kopnet","8291","socks4","5089","1","2023-05-25T22:07:05.957Z","99","1850","1861"
"197.234.13.57","elite","AS36902","SC","Intelvision","197","Intelvision Ltd","4145","socks4","4306","1","2023-05-25T22:07:05.956Z","100","1853","1860"
"8.39.228.133","elite","AS3356","US","Level 3 Communications, Inc.","186","Level 3, LLC","39593","socks4","4702","1","2023-05-25T22:07:05.957Z","100","1859","1860"
"181.64.186.221","elite","AS6147","PE","Telefonica del Peru","279","PE-TDPERX4-LACNIC","5678","socks4","4896","1","2023-05-25T22:07:04.370Z","95","1697","1781"
"66.97.44.122","elite","AS27823","AR","Dattatec.com","298","Dattatec Corp","8080","socks4","2109","1","2023-05-25T22:07:04.453Z","99","1822","1841"
"116.111.113.92","elite","AS7552","VN","Viettel Corporation","287","Viettel Group","6666","socks4","5108","1","2023-05-25T22:07:04.455Z","85","1552","1834"
"181.78.24.28","elite","AS52468","CO","IFX Networks Argentina S.R.L","200","UFINET COLOMBIA, S. A","5678","socks4","5016","1","2023-05-25T22:07:04.456Z","100","1854","1861"
"220.249.79.138","elite","AS9929","CN","CNC Group CHINA169 Hubei Province Network","184","N/A","10109","socks4","4108","86","2023-05-25T22:07:04.470Z","90","1680","1864"
"38.127.173.131","elite","AS174","US","Cogent Communications","81","Torlandia Trading SRL","12697","socks5","4986","1","2023-05-25T22:07:04.553Z","100","1799","1803"
"203.150.132.42","elite","AS45752","TH","Internet Thailand Company Ltd","199","INEXT Broadband Company Limited","14153","socks4","4312","1","2023-05-25T22:07:04.471Z","99","1832","1856"
"38.91.106.252","elite","AS63023","US","GTHost","106","Globaltelehost Corp","48697","socks5","4590","1","2023-05-25T22:07:04.454Z","100","1792","1801"
"103.51.44.9","elite","AS133819","ID","CIM","281","N/A","4145","socks4","4694","1","2023-05-25T22:07:04.455Z","99","1841","1857"
"187.95.82.109","elite","AS262696","BR","Turbonet Telecomunicações","194","Turbonet Telecomunicações","3629","socks4","4802","1","2023-05-25T22:07:04.002Z","99","1841","1854"
"203.142.68.210","elite","AS17451","ID","BIZNET","171","N/A","5678","socks4","4996","1","2023-05-25T22:07:04.474Z","100","1854","1858"
"213.226.16.46","elite","AS8717","BG","Mobiltel EAD","98","N/A","51372","socks4","4401","4","2023-05-25T22:07:04.472Z","99","1842","1861"
"186.251.255.113","elite","AS267513","BR","Seanet Telecom Carazinho Eireli","294","Seanet Telecom Carazinho Eireli","31337","socks4","2697","1","2023-05-25T22:07:04.369Z","99","1769","1780"
"103.110.56.12","elite","AS137482","BD","MetroTel Bangladesh Ltd","180","N/A","1088","socks4","4492","1","2023-05-25T22:07:04.198Z","98","1715","1744"
"184.177.84.245","elite","AS22773","US","Cox Communications Inc.","496","Cox Communications Inc.","1088","socks4","4701","1","2023-05-25T22:07:04.008Z","40","747","1861"
"124.106.234.215","elite","AS9299","PH","Philippine Long Distance Telephone Co.","289","Philippine Long Distance Telephone Company","5678","socks4","3303","1","2023-05-25T22:07:04.455Z","98","1815","1858"
"109.110.82.245","elite","AS35816","UA","Lancom Ltd.","78","Lancom Ltd","5678","socks4","4390","1","2023-05-25T22:07:04.201Z","97","1796","1858"
"142.93.109.23","elite","AS14061","DE","DigitalOcean, LLC","23","DigitalOcean, LLC","58334","socks5","4110","1","2023-05-25T22:07:04.470Z","93","1732","1864"
"103.217.249.249","elite","AS135185","IN","Atoz Infolink Pvt. LTD","195","Atoz Infolink Pvt. Ltd.","5678","socks4","4208","2","2023-05-25T22:07:03.906Z","100","1858","1861"
"188.166.239.48","elite","AS14061","SG","DigitalOcean, LLC","196","Digitalocean","3128","socks4","4892","85","2023-05-25T22:07:03.908Z","100","1824","1825"
"164.52.42.2","elite","AS63199","KR","CDS Global Cloud Co.","392","Ucul","4145","socks4","4798","2","2023-05-25T22:07:03.904Z","100","1857","1863"
"143.255.176.161","elite","AS264641","CL","LanProject SPA","203","LanProject SPA","4153","socks4","4396","1","2023-05-25T22:07:03.999Z","100","1856","1861"
"165.225.216.80","elite","AS22616","US","ZSCALER, INC.","183","Zscaler, Inc","10605","socks4","4699","84","2023-05-25T22:07:02.760Z","93","1733","1861"
"157.230.210.133","elite","AS14061","US","DigitalOcean, LLC","86","DigitalOcean, LLC","80","socks4","4605","1","2023-05-25T22:07:02.761Z","100","1767","1768"
"103.47.93.218","elite","AS134058","IN","Broban Internet Services Pvt.ltd","188","Broban  PVT Ltd.","1080","socks4","4813","1","2023-05-25T22:07:02.763Z","99","1773","1785"
"27.72.145.184","elite","AS7552","VN","Newass2011xDSLHN","238","N/A","5678","socks4","5007","83","2023-05-25T22:07:02.869Z","99","1787","1805"
"1.2.222.221","elite","AS23969","TH","TOT Public Company Limited","192","TOT Public Company Limited","4145","socks4","5010","1","2023-05-25T22:07:02.762Z","75","1375","1838"
"170.233.117.32","elite","AS264738","AR","Sebastian Souto","300","Sebastian Souto","4153","socks4","4906","1","2023-05-25T22:07:02.762Z","99","1844","1859"
"190.203.169.99","elite","AS8048","VE","CANTV Servicios, Venezuela","197","CANTV Servicios, Venezuela","8080","socks5","4999","1","2023-05-25T22:07:01.562Z","29","531","1822"
"46.101.159.7","elite","AS14061","DE","DigitalOcean, LLC","99","Digital Ocean","31162","socks4","5093","1","2023-05-25T22:07:01.559Z","55","998","1817"
"200.29.8.18","elite","AS4995","CL","Netup S.A","293","NETUP-POP","5678","socks4","4602","1","2023-05-25T22:07:00.596Z","99","1849","1860"
"45.235.148.5","elite","AS268202","BR","F R BRAGA INFORMATICA ME","204","F R BRAGA INFORMATICA ME","3629","socks4","4391","2","2023-05-25T22:07:00.808Z","99","1849","1862"
"212.83.137.94","elite","AS12876","FR","Online S.A.S.","2","ONLINE","12431","socks4","4401","2","2023-05-25T22:07:00.603Z","100","1782","1782"
"202.142.159.204","elite","AS23750","PK","Gerrys Information Technology Pvt Ltd.","140","Gerrys - TWA","31026","socks4","4302","1","2023-05-25T22:07:00.599Z","100","1858","1865"
"36.255.211.1","elite","AS133269","IN","Fiberpipe communications pvt. ltd","187","Fiberpipe communications pvt. ltd.","55438","socks4","4498","83","2023-05-25T22:06:59.560Z","99","1837","1860"
"116.58.232.75","elite","AS131090","TH","CAT-BB","186","N/A","4145","socks4","4299","1","2023-05-25T22:06:59.654Z","70","1286","1846"
"82.137.250.18","elite","AS29256","SY","190 Internet Service Provider","83","N/A","5678","socks4","4495","1","2023-05-25T22:06:59.561Z","85","1571","1857"
"185.169.181.10","elite","AS34984","TR","Ates Dc","58","Ibrahim MALA trading as Ates Dc","4145","socks4","4403","1","2023-05-25T22:06:59.561Z","100","1842","1843"
"185.169.181.26","elite","AS34984","TR","Ates Dc","92","Ibrahim MALA trading as Ates Dc","4145","socks4","3494","1","2023-05-25T22:06:58.269Z","100","1764","1764"
"119.91.214.119","elite","AS45090","CN","China Internet Network Information Center","212","Tencent cloud computing (Beijing) Co., Ltd.","3389","socks5","3792","1","2023-05-25T22:06:58.264Z","84","1499","1789"
"104.21.6.88","elite","AS13335","CA","Cloudflare, Inc.","2","Cloudflare, Inc.","80","socks4","3503","1","2023-05-25T22:06:58.266Z","100","1816","1817"
"27.147.193.190","elite","AS23688","BD","Link3 Technologies Limited","181","Corporate Subscriber","1080","socks4","4603","1","2023-05-25T22:06:58.112Z","97","1728","1789"
"119.46.2.242","elite","AS7470","TH","True Internet Corporation CO. Ltd.","188","True Internet Co., Ltd.","4145","socks4","3699","1","2023-05-25T22:06:58.265Z","99","1750","1763"
"159.65.116.119","elite","AS14061","DE","DigitalOcean, LLC","91","DigitalOcean, LLC","30199","socks5","4203","81","2023-05-25T22:06:58.366Z","93","1733","1862"
"197.221.90.54","elite","AS37350","GH","Internet Solutions Ghana","104","Internet Solutions","56810","socks4","3808","83","2023-05-25T22:06:58.263Z","98","1819","1860"
"104.16.106.65","elite","AS13335","CA","Cloudflare, Inc.","2","Cloudflare, Inc.","80","socks5","3595","1","2023-05-25T22:06:58.266Z","100","1799","1799"
"165.165.134.1","elite","AS5713","ZA","Telkom SA Ltd.","182","Telkom SA Limited","294","socks5","4394","2","2023-05-25T22:06:58.365Z","99","1797","1812"
"177.241.250.250","elite","AS13999","MX","Mega Cable, S.A. de C.V.","191","Mega Cable, S.A. de C.V","5678","socks4","4401","1","2023-05-25T22:06:57.998Z","99","1844","1863"
"183.81.156.225","elite","AS24527","ID","Internet Service Provider","184","POP Jepara","5678","socks4","4690","1","2023-05-25T22:06:57.898Z","99","1806","1817"
"197.251.236.227","elite","AS29614","GH","Vodafone Ghana AS International Transit","185","ADSL FBB static IP","5678","socks4","5089","1","2023-05-25T22:06:57.905Z","100","1799","1807"
"213.159.247.65","elite","AS6703","UA","Vega Kiev","40","N/A","5678","socks4","4395","1","2023-05-25T22:06:57.910Z","96","1769","1843"
"185.179.196.19","elite","AS59627","RU","Docker LTD","94","Programmist LLC","1090","socks4","5002","81","2023-05-25T22:06:57.995Z","100","1862","1865"
"180.183.34.110","elite","AS45629","TH","Triple T Broadband Public Company Limited","193","Triple T Broadband Public Company Limited","4145","socks4","3309","1","2023-05-25T22:06:56.561Z","92","1675","1825"
"211.174.114.225","elite","AS4766","KR","Netropy","289","seoulfnf","4153","socks4","3881","1","2023-05-25T22:06:56.663Z","100","1840","1843"
"75.119.206.134","elite","AS26347","US","New Dream Network, LLC","146","New Dream Network, LLC","32524","socks5","3300","1","2023-05-25T22:06:56.561Z","100","1839","1840"
"118.174.219.171","elite","AS23969","TH","TOT Public Company Limited","194","TOT Public Company Limited","4153","socks4","3495","1","2023-05-25T22:06:56.560Z","98","1799","1837"
"172.67.182.96","elite","AS13335","CA","Cloudflare, Inc.","2","Cloudflare, Inc.","80","socks5","3701","1","2023-05-25T22:06:56.557Z","100","1767","1767"
"71.163.238.129","elite","AS701","US","Verizon Business","88","Verizon Business","1236","socks4","3505","1","2023-05-25T22:06:56.559Z","100","1741","1743"
"51.210.249.202","elite","AS16276","FR","OVH SAS","88","OVH","29439","socks4","3689","1","2023-05-25T22:06:56.663Z","100","1784","1787"
"187.210.68.101","elite","AS8151","MX","Uninet S.A. de C.V.","186","Uninet S.A. de C.V","7497","socks5","3690","1","2023-05-25T22:06:55.267Z","87","1564","1788"
"194.225.227.130","elite","AS41620","IR","Iran University of Science & technology","192","University of Science & Technology","3128","socks4","5000","2","2023-05-25T22:06:55.162Z","77","1435","1863"
"181.13.142.45","elite","AS7303","AR","Telecom Argentina S.A.","247","Frigorifico Industrial Del Norte SA","5678","socks4","4897","1","2023-05-25T22:06:55.157Z","97","1757","1807"
"103.95.97.43","elite","AS136759","BD","Cosmopolitan Communications Limited","198","Cosmopolitan Communications Limited","4153","socks4","4798","2","2023-05-25T22:06:55.163Z","99","1834","1860"
"178.212.48.84","elite","AS197025","PL","Lubuskie Sieci Swiatlowodowe Sp. z o. o.","87","Lubuskie Sieci Swiatlowodowe Sp. z o. o","1080","socks4","4996","1","2023-05-25T22:06:55.156Z","100","1860","1862"
"202.159.30.9","elite","AS9340","ID","PT IndoInternet","193","N/A","443","socks4","3598","1","2023-05-25T22:06:55.267Z","100","1752","1758"
"204.10.182.34","elite","AS1819","US","DCM Cable Inc.","102","DCM Cable Inc","39593","socks4","4617","1","2023-05-25T22:06:55.104Z","100","1856","1856"
"207.188.134.194","elite","AS15704","ES","Xtra Telecom S.A","98","Xtra Telecom S.A","8118","socks4","4694","1","2023-05-25T22:06:55.157Z","100","1750","1751"
"192.252.215.5","elite","AS46562","US","Performive LLC","136","Performive LLC","16137","socks4","4103","1","2023-05-25T22:06:55.160Z","98","1710","1746"
"61.247.180.182","elite","AS38031","BD","Optimax Communication Ltd.","159","OptiMax Communication Ltd","10800","socks4","797","1","2023-05-25T22:06:55.101Z","99","1848","1861"
"110.78.186.132","elite","AS131090","TH","CAT-BB","199","N/A","4145","socks4","4991","1","2023-05-25T22:06:55.162Z","73","1302","1783"
"103.87.170.101","elite","AS55507","IN","Tejays Industries Pvt Ltd","287","Tejays Industries Pvt Ltd","5678","socks4","4807","1","2023-05-25T22:06:55.159Z","63","1149","1831"
"104.35.140.42","elite","AS20001","US","Charter Communications","197","Spectrum","80","socks4","5008","83","2023-05-25T22:06:55.162Z","100","1739","1740"
"5.189.140.102","elite","AS51167","DE","Contabo GmbH","94","Contabo GmbH","7497","socks5","3213","83","2023-05-25T22:06:55.268Z","98","1712","1740"
"67.43.42.117","elite","AS20473","US","The Constant Company, LLC","87","IPXO","8080","socks4","4899","1","2023-05-25T22:06:55.163Z","100","1794","1797"
"23.88.124.86","elite","AS24940","DE","Hetzner Online GmbH","26","Hetzner","80","socks4","3597","1","2023-05-25T22:06:55.160Z","100","1743","1743"
"51.83.116.3","elite","AS16276","FR","OVH SAS","6","OVH","60290","socks5","4611","1","2023-05-25T22:06:55.161Z","100","1765","1765"
"45.77.222.98","elite","AS20473","US","The Constant Company","96","Vultr Holdings, LLC","10312","socks5","3402","1","2023-05-25T22:06:55.268Z","60","1045","1740"
"110.34.166.178","elite","AS45652","SG","VPLS, Inc.","236","Vpls Sin1","4153","socks4","4907","2","2023-05-25T22:06:55.161Z","98","1827","1861"
"91.187.69.101","elite","AS6752","AD","Andorra Telecom SAU","21","ANDORRA TELECOM, S.A.U","4153","socks4","4886","1","2023-05-25T22:06:54.896Z","95","1770","1861"
"88.87.72.134","elite","AS39435","RU","CJSC \"ER-Telecom Holding\" Volgograd branch","71","JSC \"ER-Telecom Holding\" Volgograd Branch","4145","socks4","4591","93","2023-05-25T22:06:54.906Z","100","1760","1767"
"104.17.239.10","elite","AS13335","CA","Cloudflare, Inc.","3","Cloudflare, Inc.","80","socks4","5099","88","2023-05-25T22:06:54.908Z","100","1776","1776"
"43.153.58.204","elite","AS132203","US","Shenzhen Tencent Computer Systems Company Limited","191","Tencent Cloud Computing","443","socks4","4407","1","2023-05-25T22:06:54.900Z","59","1070","1810"
"110.77.232.134","elite","AS131090","TH","CAT Telecom Public Company Limited","186","CAT BBviaOnnet","4145","socks4","4897","1","2023-05-25T22:06:54.799Z","82","1442","1749"
"154.117.212.18","elite","AS327799","BI","2G+3G+4G","166","N/A","5678","socks4","5212","1","2023-05-25T22:06:53.756Z","97","1700","1745"
"181.115.232.158","elite","AS6568","BO","Entel S.A. - EntelNet","202","Entel S.A. - EntelNet","4153","socks4","4709","91","2023-05-25T22:06:53.759Z","94","1753","1862"
"41.223.233.94","elite","AS37008","BF","Alink Telecom Faso v","196","N/A","3629","socks4","4891","1","2023-05-25T22:06:53.758Z","95","1684","1776"
"119.18.159.34","elite","AS55685","ID","PT. Jala Lintas Media","187","N/A","4145","socks4","4411","1","2023-05-25T22:06:52.661Z","99","1829","1849"
"103.25.46.238","elite","AS58898","IN","Rainbow communications India Pvt Ltd","279","Rainbow communications India Pvt Ltd","4153","socks4","4390","1","2023-05-25T22:06:52.661Z","100","1841","1847"
"202.159.30.1","elite","AS9340","ID","PT IndoInternet","204","N/A","443","socks4","4697","2","2023-05-25T22:06:52.056Z","100","1807","1813"
"132.148.155.12","elite","AS398101","US","GoDaddy.com, LLC","139","GoDaddy.com, LLC","59028","socks5","4790","2","2023-05-25T22:06:52.055Z","94","1740","1853"
"101.51.105.167","elite","AS23969","TH","TOT Public Company Limited","198","TOT Public Company Limited","4145","socks4","4000","1","2023-05-25T22:06:52.864Z","57","1037","1810"
"119.42.110.113","elite","AS131090","TH","CAT-BB","291","N/A","4145","socks4","4710","1","2023-05-25T22:06:52.660Z","92","1655","1808"
"27.123.3.139","elite","AS45706","ID","PT Tele Globe Global","165","N/A","4145","socks4","3291","1","2023-05-25T22:06:52.659Z","99","1839","1857"
"180.254.191.56","elite","AS7713","ID","PT. TELKOM INDONESIA","189","N/A","8080","socks5","4005","1","2023-05-25T22:06:52.055Z","61","1055","1743"
"60.241.231.114","elite","AS7545","AU","TPG Internet Pty Ltd","303","TPG Internet Pty Ltd.","4153","socks4","3102","1","2023-05-25T22:06:52.661Z","100","1857","1859"
"104.22.50.220","elite","AS13335","US","Cloudflare, Inc.","2","Cloudflare, Inc.","80","socks4","4813","1","2023-05-25T22:06:52.054Z","100","1803","1803"
"1.116.73.168","elite","AS45090","CN","China Internet Network Information Center","226","Tencent cloud computing (Beijing) Co., Ltd.","8989","socks5","4290","1","2023-05-25T22:06:52.056Z","88","1626","1848"
"46.161.196.174","elite","AS205254","IQ","Valin Company for General Trading and Communication LTD","75","Valin Company General Trading and Communication LTD","4145","socks4","4308","1","2023-05-25T22:06:51.409Z","98","1826","1865"
"95.38.78.133","elite","AS41881","IR","Fanava Group","115","Fanava Group","5678","socks4","5382","1","2023-05-25T22:06:51.868Z","71","1250","1752"
"173.195.27.134","elite","AS11976","US","Fidelity Communication International Inc.","191","Fidelity Communication International Inc.","10091","socks4","5300","2","2023-05-25T22:06:51.869Z","100","1793","1793"
"189.201.191.19","elite","AS28438","MX","ATC HOLDING FIBRA MEXICO, S. DE R.L. DE C.V.","195","ATC HOLDING FIBRA MEXICO, S. DE R.L. DE C.V","4145","socks4","4493","80","2023-05-25T22:06:51.005Z","99","1851","1862"
"181.78.24.30","elite","AS52468","CO","IFX Networks Argentina S.R.L","183","UFINET COLOMBIA, S. A","5678","socks4","5200","1","2023-05-25T22:06:51.870Z","89","1637","1846"
"38.127.173.169","elite","AS174","US","Cogent Communications","81","Torlandia Trading SRL","42908","socks5","4203","2","2023-05-25T22:06:51.501Z","100","1790","1791"
"202.159.35.65","elite","AS9340","ID","PT IndoInternet","187","N/A","443","socks4","4804","1","2023-05-25T22:06:51.498Z","100","1810","1813"
"75.119.205.50","elite","AS26347","US","New Dream Network, LLC","146","New Dream Network, LLC","51833","socks5","5090","1","2023-05-25T22:06:51.953Z","100","1826","1826"
"200.212.2.71","elite","AS4230","BR","Claro S.A.","281","Claro S.A","61283","socks4","5293","1","2023-05-25T22:06:51.869Z","100","1829","1837"
"124.227.14.147","elite","AS4134","CN","Chinanet","294","Chinanet GX","7302","socks5","5198","1","2023-05-25T22:06:51.870Z","85","1580","1851"
"1.2.169.54","elite","AS23969","TH","TOT Public Company Limited","162","TOT Public Company Limited","35782","socks5","4800","1","2023-05-25T22:06:51.096Z","100","1760","1768"
"176.214.78.230","elite","AS51819","RU","CJSC \"ER-Telecom Holding\" Yaroslavl' branch","55","JSC \"ER-Telecom Holding\" Yaroslavl' Branch","5678","socks4","4595","1","2023-05-25T22:06:50.573Z","100","1739","1741"
"35.244.232.197","elite","AS15169","US","Google LLC","2","Google Cloud","80","socks4","4911","2","2023-05-25T22:06:50.570Z","100","1740","1740"
"182.48.89.101","elite","AS63969","BD","Corporate Office","160","N/A","3629","socks4","5099","85","2023-05-25T22:06:50.666Z","40","749","1859"
"103.79.96.169","elite","AS64308","ID","PT IndoDev Niaga Internet","179","PT IndoDev Niaga Internet","4153","socks4","4715","83","2023-05-25T22:06:50.571Z","100","1780","1783"
"103.47.93.238","elite","AS134058","IN","Broban Internet Services Pvt.ltd","161","Broban  PVT Ltd.","1080","socks4","4788","2","2023-05-25T22:06:50.572Z","99","1848","1859"
"51.195.40.191","elite","AS16276","DE","OVH SAS","11","OVH GmbH","8804","socks4","5191","1","2023-05-25T22:06:50.665Z","58","1054","1812"
"143.95.103.43","elite","AS46606","US","Unified Layer","127","Athenix Inc","60088","socks4","4689","83","2023-05-25T22:06:48.957Z","83","1537","1849"
"110.74.208.153","elite","AS38901","KH","EZECOM limited","203","EZECOM limited","21776","socks4","4700","1","2023-05-25T22:06:48.956Z","70","1224","1751"
"178.62.202.227","elite","AS14061","NL","DigitalOcean, LLC","86","Digital Ocean","7497","socks5","4812","1","2023-05-25T22:06:48.954Z","100","1826","1826"
"143.202.227.51","elite","AS262346","BR","FP Telecomunicacoes Ltda","279","FP Telecomunicacoes Ltda","4145","socks4","4998","85","2023-05-25T22:06:47.512Z","82","1452","1766"
"213.165.160.251","elite","AS12709","MT","Melita plc","50","Melita plc","5678","socks4","4893","2","2023-05-25T22:06:47.596Z","100","1808","1808"
"89.38.99.115","elite","AS49981","NL","WorldStream B.V.","12","Worldstream","30485","socks5","4698","2","2023-05-25T22:06:47.712Z","100","1823","1829"
"103.23.102.129","elite","AS58400","ID","Universitas Negeri Semarang, y","193","UNNES","4145","socks4","4990","1","2023-05-25T22:06:47.497Z","100","1865","1866"
"161.142.12.28","elite","AS9930","MY","TT DOTCOM SDN BHD","239","TT DOTCOM SDN BHD","80","socks4","2509","2","2023-05-25T22:06:47.503Z","80","1387","1742"
"179.107.53.30","elite","AS263284","BR","Topmega Internet e Inform?tica LTDA -ME","269","Topmega Internet e Informática LTDA -ME","4153","socks4","4294","2","2023-05-25T22:06:47.708Z","73","1326","1822"
"122.248.46.26","elite","AS45325","ID","PT PC24 Cyber Indonesia","187","N/A","4145","socks4","4595","1","2023-05-25T22:06:44.306Z","100","1840","1842"
"117.5.253.175","elite","AS7552","VN","Viettel Corporation","298","N/A","4005","socks4","4712","1","2023-05-25T22:06:44.302Z","45","800","1778"
"104.25.184.189","elite","AS13335","CA","Cloudflare, Inc.","2","Cloudflare, Inc.","80","socks4","4100","1","2023-05-25T22:06:44.295Z","100","1827","1827"
"66.33.210.111","elite","AS26347","US","New Dream Network, LLC","88","New Dream Network, LLC","17567","socks5","4610","76","2023-05-25T22:06:44.298Z","100","1843","1847"
"50.116.14.201","elite","AS63949","US","Akamai Technologies, Inc.","200","Linode","7497","socks5","4992","2","2023-05-25T22:06:44.415Z","100","1858","1859"
"104.16.108.234","elite","AS13335","CA","Cloudflare, Inc.","2","Cloudflare, Inc.","80","socks4","2686","1","2023-05-25T22:06:43.665Z","100","1848","1848"
"202.44.224.76","elite","AS4618","TH","Internet Thailand Company Ltd","191","Internet Thailand Company Limited","4153","socks4","2497","1","2023-05-25T22:06:43.668Z","71","1326","1862"
"159.89.138.130","elite","AS14061","US","DigitalOcean, LLC","192","Digital Ocean","80","socks4","2598","1","2023-05-25T22:06:43.667Z","100","1753","1753"
"103.12.246.33","elite","AS134941","IN","Instant Cable Network PVT LTD","144","Instant Cable Network PVT LTD","4145","socks4","2506","1","2023-05-25T22:06:43.668Z","100","1853","1859"
"65.49.34.13","elite","AS6939","US","Hurricane Electric LLC","185","BugDB.com, Inc","80","socks4","2694","1","2023-05-25T22:06:43.664Z","95","1762","1848"
"199.195.253.35","elite","AS53667","US","FranTech Solutions","73","FranTech Solutions","30637","socks4","2720","1","2023-05-25T22:06:43.663Z","99","1776","1800"
"45.112.125.58","elite","AS58369","ID","FIBERNET","172","N/A","4145","socks4","2813","2","2023-05-25T22:06:43.662Z","99","1766","1783"
"75.119.202.247","elite","AS26347","US","New Dream Network, LLC","146","New Dream Network, LLC","52186","socks5","2787","1","2023-05-25T22:06:43.664Z","100","1843","1844"
"103.86.198.218","elite","AS18109","BD","Nasrin Sultana t/a Maisha","182","Maisha","4153","socks4","580","1","2023-05-25T22:06:42.366Z","98","1831","1860"
"117.202.20.69","elite","AS9829","IN","BSNL Internet","193","NIB","1088","socks4","3396","1","2023-05-25T22:06:42.363Z","96","1791","1861"
"193.136.14.120","elite","AS1930","PT","Fundacao para a Ciencia e a Tecnologia, I.P.","69","N/A","80","socks4","604","1","2023-05-25T22:06:42.366Z","86","1597","1856"
"209.143.1.244","elite","AS7106","US","Com Net, Inc","95","Com","80","socks4","3489","1","2023-05-25T22:06:42.362Z","100","1780","1784"
"170.80.91.3","elite","AS264820","CR","Corebases S.A","188","Corebases S.A","4145","socks4","708","1","2023-05-25T22:06:42.365Z","100","1862","1864"
"159.192.142.24","elite","AS131090","TH","CAT-BB","205","N/A","5678","socks4","4907","1","2023-05-25T22:06:42.358Z","100","1827","1827"
"168.228.224.68","elite","AS264691","AR","Servicoop S.A.","301","Servicoop S.A","3629","socks4","3504","1","2023-05-25T22:06:42.362Z","100","1841","1848"
"103.212.93.201","elite","AS138312","IN","Best Telnet Services Private Limited","189","Best telnet services private limited","45639","socks4","1800","1","2023-05-25T22:06:42.462Z","99","1840","1858"
"202.70.80.153","elite","AS23752","NP","Nepal Telecommunications Corporation","170","Nepal Telecommunications Corporation","5678","socks4","4792","1","2023-05-25T22:06:42.357Z","97","1718","1780"
"18.217.169.2","elite","AS16509","US","Amazon.com, Inc.","89","AWS EC2 (us-east-2)","80","socks4","4500","1","2023-05-25T22:06:42.357Z","100","1769","1770"
"95.182.78.8","elite","AS50648","UA","PE UAinet","100","PE UAinet","5678","socks4","4611","1","2023-05-25T22:06:42.361Z","99","1761","1783"
"51.83.252.13","elite","AS16276","PL","OVH SAS","28","OVH Sp. z o. o","8888","socks4","2401","1","2023-05-25T22:06:42.461Z","100","1825","1825"
"45.126.168.81","elite","AS134014","IN","NET 4 U SERVICES PVT LTD","198","NET 4 U Services PVT LTD","4145","socks4","3385","1","2023-05-25T22:06:42.363Z","100","1852","1855"
"119.40.82.210","elite","AS24122","BD","BDCOM Online Limited","193","Bdcom","35805","socks4","4808","1","2023-05-25T22:06:42.360Z","99","1720","1734"
"196.27.105.130","elite","AS30969","ZW","Zimbabwe Online (Private) Ltd.","196","ZOL HRE Pppoe","4153","socks4","3297","1","2023-05-25T22:06:41.156Z","91","1593","1747"
"185.203.220.16","elite","AS211974","ES","Airecom Internet, S.L.","42","Airecom Internet, S.L","1080","socks4","4699","84","2023-05-25T22:06:41.212Z","96","1784","1855"
"178.32.99.234","elite","AS16276","FR","OVH SAS","6","OVH ISP","5678","socks4","5088","4","2023-05-25T22:06:41.504Z","73","1283","1753"
"103.47.93.216","elite","AS134058","IN","Broban Internet Services Pvt.ltd","156","Broban  PVT Ltd.","1080","socks4","909","80","2023-05-25T22:06:41.297Z","99","1828","1845"
"192.99.13.83","elite","AS16276","CA","OVH SAS","88","OVH Hosting, Inc.","45250","socks5","511","1","2023-05-25T22:06:41.161Z","100","1792","1796"
"114.232.109.27","elite","AS4134","CN","Chinanet","212","Chinanet JS","2829","socks5","800","1","2023-05-25T22:06:41.159Z","59","1043","1765"
"167.99.12.224","elite","AS14061","US","DigitalOcean, LLC","83","Digital Ocean","49463","socks4","4302","1","2023-05-25T22:06:41.306Z","100","1832","1834"
"36.91.190.61","elite","AS7713","ID","PT. Telekomunikasi Indonesia","207","Telekomunikasi Indonesia","5678","socks4","613","1","2023-05-25T22:06:41.160Z","96","1786","1859"
"149.20.253.217","elite","AS18615","US","Mainstream Fiber Networks, LLC","100","Mainstream Fiber Networks, LLC","12551","socks4","902","1","2023-05-25T22:06:41.159Z","100","1831","1833"
"197.234.13.6","elite","AS36902","SC","Intelvision","189","Intelvision Ltd","4145","socks4","3604","1","2023-05-25T22:06:41.309Z","100","1742","1750"
"79.127.35.243","elite","AS43754","IR","Asiatech Data Transmission company","195","Azad University","5678","socks5","3488","1","2023-05-25T22:06:41.153Z","96","1712","1778"
"198.24.187.93","elite","AS19437","US","Secured Servers LLC","87","Secured Servers LLC","8001","https","4808","332","2023-05-25T22:06:41.311Z","100","1834","1840"
"192.53.171.180","elite","AS63949","US","Akamai Technologies, Inc.","185","Linode, LLC","10200","socks4","4996","2","2023-05-25T22:06:41.506Z","100","1836","1840"
"89.144.35.232","elite","AS197549","DE","GHOSTnet GmbH","10","cloud-interactive.de","17086","socks5","997","80","2023-05-25T22:06:41.158Z","98","1704","1742"
"193.8.87.57","elite","AS197698","CZ","D-H-T SYSTEMS s.r.o.","23","D-H-T SYSTEMS s.r.o","4444","socks4","4798","2","2023-05-25T22:06:40.066Z","100","1855","1856"
"31.170.19.5","elite","AS42099","LV","DNET ITRisinajumi Ltd.","92","Sia Nano IT","4153","socks4","4992","1","2023-05-25T22:06:39.068Z","100","1857","1858"
"88.135.44.224","elite","AS34636","IR","Laser Company Ltd","198","Laser Company Ltd","5678","socks4","5007","1","2023-05-25T22:06:39.958Z","69","1249","1802"
"87.255.13.217","elite","AS35810","RU","BIG TELECOM CLOSED JSC","50","N/A","8080","socks4","4508","1","2023-05-25T22:06:39.967Z","100","1849","1854"
"104.19.138.4","elite","AS13335","CA","Cloudflare, Inc.","79","Cloudflare, Inc.","80","socks4","4900","1","2023-05-25T22:06:39.069Z","100","1780","1780"
"154.197.128.161","elite","AS135097","HK","LUOGELANG (FRANCE) LIMITED","200","Shenzhen Jizhan Technology Co., Ltd.","3128","socks5","4108","1","2023-05-25T22:06:39.165Z","99","1743","1756"
"38.127.172.200","elite","AS174","US","Cogent Communications","85","Torlandia Trading SRL","11537","socks4","4702","1","2023-05-25T22:06:39.966Z","100","1787","1787"
"202.145.11.220","elite","AS55685","ID","PT UniNET Media Sakti","193","N/A","5678","socks4","5096","1","2023-05-25T22:06:39.068Z","21","368","1765"
"155.133.83.253","elite","AS42366","PL","TerraTransit AG","20","MIKRONET Wenderski Jaroslaw","58351","socks4","4203","1","2023-05-25T22:06:39.161Z","85","1585","1863"
"104.17.248.164","elite","AS13335","CA","Cloudflare, Inc.","2","Cloudflare, Inc.","80","socks4","4098","1","2023-05-25T22:06:39.958Z","100","1789","1789"
"46.227.37.161","elite","AS51155","PL","Telemedian - TB Telecom","42","Telemedian","1088","socks4","5099","2","2023-05-25T22:06:39.859Z","100","1776","1784"
"77.192.165.202","elite","AS15557","FR","Societe Francaise Du Radiotelephone - SFR SA","94","N9uf PRO","5678","socks4","4610","1","2023-05-25T22:06:39.162Z","100","1817","1817"
"91.215.61.181","elite","AS49617","UA","CrimeaCom South LLC","66","Nikita Sergienko","5678","socks4","4601","1","2023-05-25T22:06:39.966Z","100","1746","1752"
"202.6.233.59","elite","AS23756","ID","PT Padi Internet","204","N/A","7878","socks4","4092","1","2023-05-25T22:06:39.858Z","89","1650","1844"
"34.102.179.21","elite","AS396982","US","Google LLC","2","Google Cloud","80","socks4","3005","1","2023-05-25T22:06:39.858Z","100","1735","1735"
"119.8.27.130","elite","AS136907","HK","Huawei International Pte. LTD","288","N/A","1080","socks5","3696","1","2023-05-25T22:06:39.959Z","72","1249","1744"
"173.195.27.141","elite","AS11976","US","Fidelity Communication International Inc.","184","Fidelity Communication International Inc.","10091","socks4","5086","1","2023-05-25T22:06:39.857Z","100","1805","1806"
"165.225.32.114","elite","AS22616","US","ZSCALER, INC.","111","Zscaler, Inc","10417","socks5","4701","1","2023-05-25T22:06:38.007Z","97","1749","1794"
"188.166.230.38","elite","AS14061","SG","DigitalOcean, LLC","188","Digitalocean","44469","socks5","5088","1","2023-05-25T22:06:38.315Z","100","1763","1765"
"159.69.106.105","elite","AS24940","DE","Hetzner Online GmbH","80","Hetzner","16787","socks5","4382","1","2023-05-25T22:06:38.311Z","100","1782","1782"
"189.90.241.30","elite","AS28201","BR","Companhia Itabirana Telecomunicações Ltda","280","Restaurante E Posto Pires Ltda","63253","socks4","4288","80","2023-05-25T22:06:38.102Z","95","1762","1862"
"47.243.168.116","elite","AS45102","HK","Alibaba (US) Technology Co., Ltd.","292","Alibaba.com LLC","25812","socks5","4410","4","2023-05-25T22:06:38.307Z","99","1727","1745"
"123.31.12.184","elite","AS135905","VN","VietNam Post and Telecom Corporation","299","Vietnam Posts and Telecommunications Group","28417","socks5","5188","1","2023-05-25T22:06:37.370Z","99","1855","1865"
"103.127.23.53","elite","AS137645","IN","Macro Signal Pvt Ltd","128","Macro Signal Pvt Ltd","5678","socks4","4800","1","2023-05-25T22:06:37.261Z","100","1856","1858"
"45.126.21.75","elite","AS132540","IN","Airnat IT Solutions PVT LTD","186","Airnat IT Solutions PVT LTD","5678","socks4","5003","1","2023-05-25T22:06:37.371Z","98","1733","1767"
"176.97.80.48","elite","AS198073","PL","Telewizja Kablowa Slupsk Sp. z o. o.","43","Telewizja Kablowa \"Slupsk\" Sp. z o.o.","5678","socks4","4309","1","2023-05-25T22:06:37.364Z","99","1782","1808"
"43.250.81.154","elite","AS58689","BD","ICC Communication","184","N/A","34432","socks4","5194","1","2023-05-25T22:06:37.366Z","47","868","1859"
"192.119.203.124","elite","AS30036","US","Mediacom Communications","186","Communication Construction Services","48678","socks4","4897","1","2023-05-25T22:06:37.997Z","98","1736","1770"
"121.200.60.198","elite","AS55828","BD","Drik ICT Ltd","199","Drik","8010","socks4","4294","80","2023-05-25T22:06:35.664Z","99","1844","1866"
"103.4.179.187","elite","AS4766","KR","Korea Telecom","228","Netip","4153","socks4","4482","1","2023-05-25T22:06:35.663Z","100","1853","1858"
"103.49.242.193","elite","AS133720","IN","Soft Call Cust-o-care Private Limited","112","Soft Call Cust-o-care Private Limited","5678","socks4","4100","1","2023-05-25T22:06:34.156Z","99","1782","1804"
"102.66.237.19","elite","AS328471","ZA","HERO TELECOMS (PTY) LTD","193","Herotel","5678","socks4","3511","2","2023-05-25T22:06:34.609Z","59","1089","1844"
"88.135.43.24","elite","AS34636","IR","Laser Company Ltd","292","Laser Company Ltd","5678","socks4","4500","1","2023-05-25T22:06:34.258Z","71","1286","1816"
"124.41.211.180","elite","AS17501","NP","WorldLink Communications","295","Wlink Static ENT KTM V1128","50405","socks4","4304","2","2023-05-25T22:06:34.260Z","98","1778","1821"
"116.202.100.234","elite","AS24940","DE","Hetzner","82","N/A","37435","socks4","4384","2","2023-05-25T22:06:34.700Z","100","1850","1850"
"85.199.71.66","elite","AS12693","DE","e.discom","95","KabelSat Bergen GmbH","8080","socks5","4091","1","2023-05-25T22:06:34.157Z","100","1754","1755"
"66.42.63.207","elite","AS20473","SG","The Constant Company, LLC","203","Choopa, LLC","13802","socks5","4399","1","2023-05-25T22:06:34.911Z","99","1808","1824"
"176.100.77.118","elite","AS49718","RU","Nizhnevolzhskie Telecommunication Networks Real Ltd.","92","REAL","3629","socks4","4604","1","2023-05-25T22:06:34.998Z","98","1712","1749"
"103.83.178.205","elite","AS136065","ID","PT SOLUSI TRIMEGAH PERSADA","200","PT SOLUSI TRIMEGAH PERSADA","2016","socks4","4700","93","2023-05-25T22:06:34.612Z","99","1836","1859"